Date,Open,High,Low,Close,Adj Close,Volume,Nombre
20/12/18,9,9,9,9,9,47989,Grupo_Famsa
21/12/18,8.8,8.99,8.6,8.63,8.63,12853,Grupo_Famsa
24/12/18,8.8,9.1,8.8,9.1,9.1,4757,Grupo_Famsa
26/12/18,8.87,8.87,8.87,8.87,8.87,387,Grupo_Famsa
27/12/18,9,9,8.62,8.71,8.71,32370,Grupo_Famsa
28/12/18,9.1,9.16,8.6,9.15,9.15,20526,Grupo_Famsa
31/12/18,8.88,9.3,8.88,9.3,9.3,36704,Grupo_Famsa
02/01/19,9.05,9.1,8.8,9.04,9.04,52991,Grupo_Famsa
03/01/19,9.1,9.1,9.09,9.09,9.09,1534,Grupo_Famsa
04/01/19,9.12,9.3,8.91,8.91,8.91,12592,Grupo_Famsa
07/01/19,8.91,8.92,8.6,8.7,8.7,8327,Grupo_Famsa
08/01/19,8.94,8.98,8.46,8.47,8.47,83148,Grupo_Famsa
09/01/19,8.38,8.54,8.2,8.35,8.35,70154,Grupo_Famsa
10/01/19,8.4,8.59,8.33,8.35,8.35,19295,Grupo_Famsa
11/01/19,8.3,8.34,8.22,8.22,8.22,2673,Grupo_Famsa
14/01/19,8.47,8.47,8.35,8.35,8.35,2359,Grupo_Famsa
15/01/19,8.23,8.35,8.18,8.35,8.35,11191,Grupo_Famsa
16/01/19,8.16,8.16,8.1,8.13,8.13,37037,Grupo_Famsa
17/01/19,8.29,8.29,7.9,8.05,8.05,98639,Grupo_Famsa
18/01/19,8.07,8.3,8.07,8.27,8.27,20377,Grupo_Famsa
21/01/19,8.13,8.27,8.1,8.27,8.27,13341,Grupo_Famsa
22/01/19,8.27,8.27,8.01,8.11,8.11,48169,Grupo_Famsa
23/01/19,8.11,8.11,8.1,8.1,8.1,1210,Grupo_Famsa
24/01/19,8,8,8,8,8,1830,Grupo_Famsa
25/01/19,8,8.05,7.7,8,8,36020,Grupo_Famsa
28/01/19,8,8.2,8,8.2,8.2,21480,Grupo_Famsa
29/01/19,8.01,8.2,7.88,8.1,8.1,129007,Grupo_Famsa
30/01/19,8.09,8.35,8.09,8.3,8.3,29210,Grupo_Famsa
31/01/19,8.3,8.7,8.15,8.64,8.64,130972,Grupo_Famsa
01/02/19,8.54,8.62,8.36,8.57,8.57,26227,Grupo_Famsa
05/02/19,8.33,8.54,8.33,8.4,8.4,2070,Grupo_Famsa
06/02/19,8.56,8.56,8.24,8.28,8.28,10115,Grupo_Famsa
07/02/19,8.29,8.42,8.1,8.21,8.21,79524,Grupo_Famsa
08/02/19,8.5,8.5,8.01,8.16,8.16,15328,Grupo_Famsa
11/02/19,8.22,8.3,7.96,7.97,7.97,18208,Grupo_Famsa
12/02/19,8,8.02,7.9,7.91,7.91,30373,Grupo_Famsa
13/02/19,7.99,8,7.9,7.9,7.9,13996,Grupo_Famsa
14/02/19,7.9,7.9,7.8,7.82,7.82,94009,Grupo_Famsa
15/02/19,7.77,8.05,7.77,7.87,7.87,64643,Grupo_Famsa
18/02/19,8.08,8.09,8.04,8.04,8.04,701,Grupo_Famsa
19/02/19,7.92,8.05,7.84,7.99,7.99,15445,Grupo_Famsa
20/02/19,8.1,8.1,8.1,8.1,8.1,151,Grupo_Famsa
21/02/19,8.21,8.21,7.87,7.98,7.98,92826,Grupo_Famsa
22/02/19,8,8,7.8,7.83,7.83,124244,Grupo_Famsa
25/02/19,7.83,7.98,7.83,7.85,7.85,25868,Grupo_Famsa
26/02/19,7.86,8.14,7.86,8,8,120760,Grupo_Famsa
27/02/19,8.01,8.01,7.77,7.8,7.8,79926,Grupo_Famsa
28/02/19,7.8,7.8,7.7,7.7,7.7,51472,Grupo_Famsa
01/03/19,7.71,7.71,7.59,7.59,7.59,3859,Grupo_Famsa
04/03/19,7.6,7.6,7.28,7.29,7.29,21414,Grupo_Famsa
05/03/19,7.3,7.38,7,7,7,59178,Grupo_Famsa
06/03/19,7,7.05,6.9,7.02,7.02,129515,Grupo_Famsa
07/03/19,6.85,7,6.67,6.86,6.86,47021,Grupo_Famsa
08/03/19,6.88,6.88,6.7,6.83,6.83,22292,Grupo_Famsa
11/03/19,6.92,6.92,6.65,6.65,6.65,8117,Grupo_Famsa
12/03/19,6.65,6.65,6.49,6.55,6.55,69375,Grupo_Famsa
13/03/19,6.63,6.69,6.54,6.55,6.55,19903,Grupo_Famsa
14/03/19,6.5,6.5,6.38,6.38,6.38,15488,Grupo_Famsa
15/03/19,6.4,6.62,6.4,6.58,6.58,8977,Grupo_Famsa
19/03/19,6.6,6.61,6.6,6.6,6.6,795,Grupo_Famsa
20/03/19,6.7,6.7,6.5,6.57,6.57,5976,Grupo_Famsa
21/03/19,6.66,6.66,6.59,6.59,6.59,14794,Grupo_Famsa
22/03/19,6.5,6.59,6.4,6.55,6.55,134041,Grupo_Famsa
25/03/19,6.4,6.53,6.35,6.39,6.39,158293,Grupo_Famsa
26/03/19,6.43,6.44,6.42,6.42,6.42,12435,Grupo_Famsa
27/03/19,6.4,6.69,6.1,6.67,6.67,65205,Grupo_Famsa
28/03/19,6.75,6.75,6.75,6.75,6.75,100,Grupo_Famsa
29/03/19,7,7,6.65,6.81,6.81,321250,Grupo_Famsa
01/04/19,6.7,6.78,6.55,6.65,6.65,12379,Grupo_Famsa
02/04/19,6.6,6.6,6.6,6.6,6.6,3388,Grupo_Famsa
03/04/19,6.6,6.6,6.36,6.4,6.4,108331,Grupo_Famsa
04/04/19,6.4,6.4,6,6.36,6.36,97026,Grupo_Famsa
05/04/19,6.37,6.37,6.06,6.31,6.31,196384,Grupo_Famsa
08/04/19,6.39,6.39,6.3,6.3,6.3,51673,Grupo_Famsa
09/04/19,6.3,6.3,6,6.15,6.15,65303,Grupo_Famsa
10/04/19,6.16,6.16,6.01,6.12,6.12,25583,Grupo_Famsa
11/04/19,6.14,6.15,5.99,6,6,43570,Grupo_Famsa
12/04/19,6.15,6.18,5.87,6.11,6.11,90506,Grupo_Famsa
15/04/19,6.29,6.4,6.02,6.22,6.22,40136,Grupo_Famsa
16/04/19,6.16,6.36,6.15,6.31,6.31,6603,Grupo_Famsa
17/04/19,6.23,6.23,5.97,6.12,6.12,104368,Grupo_Famsa
22/04/19,6.15,6.19,6.02,6.17,6.17,59178,Grupo_Famsa
23/04/19,6.17,6.17,6.17,6.17,6.17,0,Grupo_Famsa
24/04/19,6.09,6.1,5.88,5.97,5.97,48447,Grupo_Famsa
25/04/19,5.97,6,5.85,5.92,5.92,359518,Grupo_Famsa
26/04/19,5.95,6.2,5.93,6.1,6.1,31125,Grupo_Famsa
29/04/19,6.15,6.32,6.01,6.29,6.29,166923,Grupo_Famsa
30/04/19,6.19,6.5,6,6.5,6.5,113955,Grupo_Famsa
02/05/19,6.73,6.73,6.1,6.34,6.34,92161,Grupo_Famsa
03/05/19,6.15,6.24,6.15,6.24,6.24,14002,Grupo_Famsa
06/05/19,6.12,6.13,6.12,6.13,6.13,3243,Grupo_Famsa
07/05/19,6.1,6.15,5.83,5.93,5.93,194878,Grupo_Famsa
08/05/19,6.03,6.04,5.95,5.96,5.96,117728,Grupo_Famsa
09/05/19,5.96,6.1,5.91,5.93,5.93,430884,Grupo_Famsa
10/05/19,5.81,6.05,5.81,5.91,5.91,62852,Grupo_Famsa
13/05/19,5.9,5.95,5.78,5.85,5.85,71142,Grupo_Famsa
14/05/19,5.91,5.91,5.9,5.9,5.9,79232,Grupo_Famsa
15/05/19,5.9,5.95,5.7,5.85,5.85,63571,Grupo_Famsa
16/05/19,5.9,6.1,5.85,6.1,6.1,36956,Grupo_Famsa
17/05/19,6.06,6.1,5.85,5.99,5.99,64284,Grupo_Famsa
20/05/19,5.85,6.04,5.85,6.01,6.01,36533,Grupo_Famsa
21/05/19,5.96,6.01,5.85,5.92,5.92,85066,Grupo_Famsa
22/05/19,6.01,6.01,5.95,5.95,5.95,2882,Grupo_Famsa
23/05/19,5.98,5.99,5.95,5.95,5.95,5500,Grupo_Famsa
24/05/19,5.81,5.81,5.8,5.81,5.81,65451,Grupo_Famsa
27/05/19,5.71,5.8,5.65,5.7,5.7,124149,Grupo_Famsa
28/05/19,5.77,5.77,5.61,5.65,5.65,218751,Grupo_Famsa
29/05/19,5.64,5.71,5.64,5.7,5.7,46754,Grupo_Famsa
30/05/19,5.75,5.8,5.62,5.8,5.8,54394,Grupo_Famsa
31/05/19,5.71,5.74,5.66,5.7,5.7,276433,Grupo_Famsa
03/06/19,5.63,5.64,5.62,5.63,5.63,50348,Grupo_Famsa
04/06/19,5.64,5.78,5.64,5.65,5.65,3111,Grupo_Famsa
05/06/19,5.64,5.7,5.54,5.6,5.6,66739,Grupo_Famsa
06/06/19,5.62,5.62,5.25,5.4,5.4,95530,Grupo_Famsa
07/06/19,5.46,5.82,5.41,5.5,5.5,23351,Grupo_Famsa
10/06/19,5.67,5.83,5.5,5.51,5.51,61104,Grupo_Famsa
11/06/19,5.68,5.68,5.5,5.52,5.52,72031,Grupo_Famsa
12/06/19,5.66,5.66,5.52,5.52,5.52,9232,Grupo_Famsa
13/06/19,5.54,5.54,5.49,5.51,5.51,7616,Grupo_Famsa
14/06/19,5.51,5.61,5.51,5.61,5.61,693151,Grupo_Famsa
17/06/19,5.65,5.73,5.65,5.73,5.73,287542,Grupo_Famsa
18/06/19,5.75,5.9,5.75,5.9,5.9,77107,Grupo_Famsa
19/06/19,5.96,5.96,5.69,5.7,5.7,837187,Grupo_Famsa
20/06/19,5.78,5.83,5.7,5.7,5.7,4482,Grupo_Famsa
21/06/19,5.66,5.69,5.5,5.67,5.67,52131,Grupo_Famsa
24/06/19,5.5,5.72,5.5,5.72,5.72,8332,Grupo_Famsa
25/06/19,5.72,5.8,5.56,5.8,5.8,28137,Grupo_Famsa
26/06/19,5.69,6,5.67,5.92,5.92,84112,Grupo_Famsa
27/06/19,5.92,6.03,5.81,5.92,5.92,47249,Grupo_Famsa
28/06/19,5.79,6.15,5.79,6.09,6.09,98103,Grupo_Famsa
01/07/19,6.03,6.05,5.95,6.03,6.03,46537,Grupo_Famsa
02/07/19,6.03,6.03,6.03,6.03,6.03,0,Grupo_Famsa
03/07/19,5.9,5.96,5.73,5.89,5.89,44903,Grupo_Famsa
04/07/19,5.71,5.81,5.71,5.81,5.81,38251,Grupo_Famsa
05/07/19,5.81,5.81,5.81,5.81,5.81,0,Grupo_Famsa
08/07/19,5.9,5.9,5.77,5.77,5.77,1736,Grupo_Famsa
09/07/19,5.73,5.73,5.69,5.69,5.69,5674,Grupo_Famsa
10/07/19,5.69,5.7,5.69,5.69,5.69,2143,Grupo_Famsa
11/07/19,5.78,5.78,5.71,5.75,5.75,3348,Grupo_Famsa
12/07/19,5.8,5.8,5.59,5.59,5.59,629,Grupo_Famsa
15/07/19,5.72,5.74,5.72,5.73,5.73,277,Grupo_Famsa
16/07/19,5.89,5.89,5.81,5.81,5.81,138412,Grupo_Famsa
17/07/19,5.67,5.67,5.52,5.58,5.58,33742,Grupo_Famsa
18/07/19,5.56,5.56,5.51,5.51,5.51,5687,Grupo_Famsa
19/07/19,5.51,5.57,5.51,5.52,5.52,47895,Grupo_Famsa
22/07/19,5.68,5.76,5.25,5.46,5.46,29599,Grupo_Famsa
23/07/19,5.5,5.63,5.48,5.48,5.48,1439,Grupo_Famsa
24/07/19,5.56,5.9,5.21,5.25,5.25,87893,Grupo_Famsa
25/07/19,5.31,5.5,5.31,5.43,5.43,9036,Grupo_Famsa
26/07/19,5.49,5.6,5.19,5.55,5.55,14483,Grupo_Famsa
29/07/19,5.58,5.62,5.42,5.59,5.59,7359,Grupo_Famsa
30/07/19,5.58,5.81,5.29,5.75,5.75,39227,Grupo_Famsa
31/07/19,5.58,6.18,5.37,5.97,5.97,84004,Grupo_Famsa
01/08/19,5.8,5.8,5.51,5.69,5.69,21921,Grupo_Famsa
02/08/19,5.7,5.7,5.47,5.49,5.49,12640,Grupo_Famsa
05/08/19,5.34,5.34,5.34,5.34,5.34,233,Grupo_Famsa
06/08/19,5.31,5.65,5.3,5.64,5.64,5200,Grupo_Famsa
07/08/19,5.66,5.66,5.37,5.4,5.4,20354,Grupo_Famsa
08/08/19,5.38,5.4,5.38,5.4,5.4,4211,Grupo_Famsa
09/08/19,5.41,5.42,5.3,5.35,5.35,4286,Grupo_Famsa
12/08/19,5.34,5.47,5.32,5.32,5.32,1129,Grupo_Famsa
13/08/19,5.23,5.23,5.19,5.23,5.23,61832,Grupo_Famsa
14/08/19,5.2,5.2,5.14,5.14,5.14,226859,Grupo_Famsa
15/08/19,5.1,5.14,4.89,4.98,4.98,92574,Grupo_Famsa
16/08/19,4.95,4.96,4.9,4.95,4.95,130724,Grupo_Famsa
19/08/19,5.08,5.11,4.86,4.92,4.92,82293,Grupo_Famsa
20/08/19,4.97,5.09,4.94,5.04,5.04,2012,Grupo_Famsa
21/08/19,5.05,5.05,5.05,5.05,5.05,160,Grupo_Famsa
22/08/19,5.06,5.09,5,5.09,5.09,50964,Grupo_Famsa
23/08/19,5.09,5.09,5.09,5.09,5.09,0,Grupo_Famsa
26/08/19,5.09,5.09,5.09,5.09,5.09,0,Grupo_Famsa
27/08/19,5.04,5.04,4.98,4.98,4.98,4391,Grupo_Famsa
28/08/19,4.95,4.95,4.89,4.89,4.89,107642,Grupo_Famsa
29/08/19,4.9,5.3,4.79,5.28,5.28,146682,Grupo_Famsa
30/08/19,5.28,5.58,5.07,5.39,5.39,99627,Grupo_Famsa
02/09/19,5.2,5.34,5.2,5.34,5.34,2167,Grupo_Famsa
03/09/19,5.2,5.43,5.2,5.41,5.41,30271,Grupo_Famsa
04/09/19,5.42,5.43,5.2,5.39,5.39,1378,Grupo_Famsa
05/09/19,5.29,5.29,5.2,5.2,5.2,50147,Grupo_Famsa
06/09/19,5.19,5.19,5.05,5.06,5.06,42851,Grupo_Famsa
09/09/19,5.08,5.08,4.98,5.01,5.01,57771,Grupo_Famsa
10/09/19,5.01,5.01,4.97,5,5,5513,Grupo_Famsa
11/09/19,5,5,4.75,4.93,4.93,74427,Grupo_Famsa
12/09/19,4.99,4.99,4.84,4.91,4.91,18181,Grupo_Famsa
13/09/19,4.9,5.05,4.78,4.96,4.96,31766,Grupo_Famsa
17/09/19,4.81,4.99,4.81,4.86,4.86,21336,Grupo_Famsa
18/09/19,4.99,4.99,4.86,4.89,4.89,14806,Grupo_Famsa
19/09/19,4.89,4.99,4.82,4.88,4.88,14326,Grupo_Famsa
20/09/19,4.82,4.88,4.73,4.75,4.75,171263,Grupo_Famsa
23/09/19,4.88,4.88,4.78,4.84,4.84,372830,Grupo_Famsa
24/09/19,4.78,4.89,4.76,4.89,4.89,105346,Grupo_Famsa
25/09/19,4.89,4.94,4.8,4.9,4.9,151875,Grupo_Famsa
26/09/19,4.9,5,4.85,5,5,300775,Grupo_Famsa
27/09/19,5,5.26,4.79,5.24,5.24,121751,Grupo_Famsa
30/09/19,5.24,5.43,4.9,5.41,5.41,296446,Grupo_Famsa
01/10/19,5.22,5.31,5.15,5.22,5.22,7440,Grupo_Famsa
02/10/19,5.19,5.25,5.17,5.17,5.17,7290,Grupo_Famsa
03/10/19,5.15,5.15,5.01,5.01,5.01,14486,Grupo_Famsa
04/10/19,5.01,5.01,5.01,5.01,5.01,0,Grupo_Famsa
07/10/19,4.97,5.17,4.95,4.96,4.96,1719,Grupo_Famsa
08/10/19,5.06,5.06,4.9,4.91,4.91,4913,Grupo_Famsa
09/10/19,5.02,5.02,4.87,4.97,4.97,2024,Grupo_Famsa
10/10/19,4.91,4.96,4.9,4.91,4.91,49262,Grupo_Famsa
11/10/19,4.94,4.94,4.9,4.9,4.9,31170,Grupo_Famsa
14/10/19,4.9,4.93,4.88,4.89,4.89,6850,Grupo_Famsa
15/10/19,4.88,4.9,4.88,4.89,4.89,1697,Grupo_Famsa
16/10/19,4.88,4.88,4.8,4.81,4.81,3253,Grupo_Famsa
17/10/19,4.89,4.89,4.77,4.78,4.78,108830,Grupo_Famsa
18/10/19,4.78,4.79,4.76,4.77,4.77,1810,Grupo_Famsa
21/10/19,4.89,4.89,4.73,4.74,4.74,43047,Grupo_Famsa
22/10/19,4.73,4.76,4.67,4.68,4.68,129920,Grupo_Famsa
23/10/19,4.82,4.83,4.74,4.75,4.75,1253,Grupo_Famsa
24/10/19,4.7,4.77,4.7,4.77,4.77,644,Grupo_Famsa
25/10/19,4.79,4.8,4.75,4.75,4.75,9505,Grupo_Famsa
28/10/19,4.75,4.95,4.75,4.95,4.95,1080,Grupo_Famsa
29/10/19,4.96,4.96,4.77,4.77,4.77,2040,Grupo_Famsa
30/10/19,4.91,5.25,4.79,5.23,5.23,13116,Grupo_Famsa
31/10/19,4.97,5.41,4.96,5.41,5.41,108210,Grupo_Famsa
01/11/19,5.22,5.23,5.22,5.23,5.23,1170,Grupo_Famsa
04/11/19,5.07,5.12,5.02,5.07,5.07,9093,Grupo_Famsa
05/11/19,5.02,5.02,4.97,4.97,4.97,10427,Grupo_Famsa
06/11/19,4.97,4.97,4.97,4.97,4.97,0,Grupo_Famsa
07/11/19,5.03,5.03,5.03,5.03,5.03,6000,Grupo_Famsa
08/11/19,4.95,4.95,4.95,4.95,4.95,1103,Grupo_Famsa
11/11/19,4.9,4.96,4.71,4.94,4.94,16964,Grupo_Famsa
12/11/19,4.76,4.76,4.71,4.74,4.74,20042,Grupo_Famsa
13/11/19,4.86,4.86,4.22,4.71,4.71,100225,Grupo_Famsa
14/11/19,4.65,4.69,4.65,4.69,4.69,2567,Grupo_Famsa
15/11/19,4.65,4.68,4.65,4.65,4.65,50054,Grupo_Famsa
19/11/19,4.66,4.66,4.66,4.66,4.66,26843,Grupo_Famsa
20/11/19,4.66,4.68,4.62,4.62,4.62,24969,Grupo_Famsa
21/11/19,4.61,4.61,4.56,4.61,4.61,100563,Grupo_Famsa
22/11/19,4.62,4.62,4.52,4.58,4.58,88963,Grupo_Famsa
25/11/19,4.52,4.59,4.52,4.55,4.55,20886,Grupo_Famsa
26/11/19,4.57,4.62,4.4,4.55,4.55,2074503,Grupo_Famsa
27/11/19,4.55,4.78,4.47,4.7,4.7,465418,Grupo_Famsa
28/11/19,4.58,5,4.58,4.97,4.97,2315290,Grupo_Famsa
29/11/19,4.98,5.2,4.64,5.2,5.2,46528,Grupo_Famsa
02/12/19,5.19,5.19,4.88,4.89,4.89,23628,Grupo_Famsa
03/12/19,4.83,4.83,4.66,4.66,4.66,6896,Grupo_Famsa
04/12/19,4.66,4.66,4.66,4.66,4.66,0,Grupo_Famsa
05/12/19,4.67,4.67,4.63,4.63,4.63,11025,Grupo_Famsa
06/12/19,4.62,4.69,4.57,4.69,4.69,1212,Grupo_Famsa
09/12/19,4.55,4.55,4.55,4.55,4.55,562,Grupo_Famsa
10/12/19,4.56,4.56,4.39,4.39,4.39,53823,Grupo_Famsa
11/12/19,4.4,4.4,4.01,4.2,4.2,192605,Grupo_Famsa
13/12/19,4.25,4.37,4.21,4.36,4.36,83537,Grupo_Famsa
16/12/19,4.14,4.28,4.11,4.26,4.26,2058,Grupo_Famsa
17/12/19,4.26,4.26,4.1,4.11,4.11,180525,Grupo_Famsa
18/12/19,4.13,4.13,4.08,4.1,4.1,202034,Grupo_Famsa
19/12/19,4.07,4.07,4.03,4.04,4.04,64250,Grupo_Famsa
20/12/19,4.14,4.14,4.02,4.04,4.04,182323,Grupo_Famsa
23/12/19,4.12,4.14,4.1,4.14,4.14,119995,Grupo_Famsa
24/12/19,4.14,4.24,4.14,4.24,4.24,23751,Grupo_Famsa
26/12/19,4.27,4.27,4.24,4.24,4.24,5525,Grupo_Famsa
27/12/19,4.24,4.3,4.24,4.3,4.3,2081,Grupo_Famsa
30/12/19,4.17,4.24,4,4.22,4.22,59257,Grupo_Famsa
31/12/19,4.22,4.22,4.22,4.22,4.22,0,Grupo_Famsa
02/01/20,4.59,4.59,4.4,4.41,4.41,1904,Grupo_Famsa
03/01/20,4.45,4.45,4.38,4.38,4.38,701,Grupo_Famsa
06/01/20,4.27,4.27,4.23,4.265,4.265,6232,Grupo_Famsa
07/01/20,4.37,4.45,4.32,4.44,4.44,3408,Grupo_Famsa
08/01/20,4.25,4.34,4.25,4.3,4.3,11829,Grupo_Famsa
09/01/20,4.31,4.43,4.25,4.295,4.295,16679,Grupo_Famsa
10/01/20,4.3,4.32,4.1,4.18,4.18,82295,Grupo_Famsa
13/01/20,4.15,4.15,4.11,4.11,4.11,62984,Grupo_Famsa
14/01/20,4.11,4.11,3.88,4.07,4.07,103604,Grupo_Famsa
15/01/20,4.06,4.06,3.93,3.97,3.97,56934,Grupo_Famsa
16/01/20,3.98,4.06,3.95,3.96,3.96,27285,Grupo_Famsa
17/01/20,4.07,4.07,3.91,4.01,4.01,28546,Grupo_Famsa
20/01/20,4.01,4.09,4.01,4.09,4.09,6557,Grupo_Famsa
21/01/20,4.12,4.12,4.03,4.09,4.09,22563,Grupo_Famsa
22/01/20,4.09,4.09,4.01,4.02,4.02,15975,Grupo_Famsa
23/01/20,4.01,4.05,3.98,4.03,4.03,8307,Grupo_Famsa
24/01/20,4.01,4.03,4.01,4.03,4.03,2714,Grupo_Famsa
27/01/20,3.91,4,3.9,3.955,3.955,18742,Grupo_Famsa
28/01/20,4,4,3.9,3.97,3.97,2749,Grupo_Famsa
29/01/20,4,4.1,3.95,4.03,4.03,59202,Grupo_Famsa
30/01/20,3.98,4.1,3.98,4.1,4.1,26222,Grupo_Famsa
31/01/20,4.1,4.21,4.06,4.105,4.105,88517,Grupo_Famsa
04/02/20,4.14,4.14,4.05,4.115,4.115,1102,Grupo_Famsa
05/02/20,3.95,4.5,3.95,4.34,4.34,245979,Grupo_Famsa
06/02/20,4.35,4.35,4.09,4.1,4.1,23101,Grupo_Famsa
07/02/20,4.04,4.14,3.9,3.95,3.95,13726,Grupo_Famsa
10/02/20,4.08,4.09,3.91,4,4,2019,Grupo_Famsa
11/02/20,4.09,4.09,4.09,4.09,4.09,399,Grupo_Famsa
12/02/20,3.97,4.05,3.88,3.9,3.9,182259,Grupo_Famsa
13/02/20,3.9,3.9,3.75,3.76,3.76,15157,Grupo_Famsa
14/02/20,3.78,3.89,3.63,3.68,3.68,49167,Grupo_Famsa
17/02/20,3.65,3.73,3.65,3.7,3.7,18651,Grupo_Famsa
18/02/20,3.7,3.7,3.61,3.62,3.62,21169,Grupo_Famsa
19/02/20,3.62,3.7,3.56,3.63,3.63,66151,Grupo_Famsa
20/02/20,3.63,3.67,3.61,3.67,3.67,11032,Grupo_Famsa
21/02/20,3.6,3.75,3.59,3.72,3.72,61838,Grupo_Famsa
24/02/20,3.68,3.69,3.5,3.62,3.62,67799,Grupo_Famsa
25/02/20,3.66,3.66,3.53,3.55,3.55,7428,Grupo_Famsa
26/02/20,3.52,3.62,3.42,3.44,3.44,96930,Grupo_Famsa
27/02/20,3.42,3.52,2.97,3.07,3.07,135317,Grupo_Famsa
28/02/20,3.08,3.23,2.96,3.07,3.07,140087,Grupo_Famsa
02/03/20,3.09,3.1,3,3.06,3.06,38408,Grupo_Famsa
03/03/20,3.06,3.06,2.9,2.9,2.9,79287,Grupo_Famsa
04/03/20,2.92,2.94,2.89,2.91,2.91,42328,Grupo_Famsa
05/03/20,2.97,3.26,2.94,3,3,161874,Grupo_Famsa
06/03/20,3.02,3.02,2.76,2.9,2.9,96524,Grupo_Famsa
09/03/20,2.75,2.87,2.7,2.77,2.77,35499,Grupo_Famsa
10/03/20,2.8,2.88,2.69,2.72,2.72,44421,Grupo_Famsa
11/03/20,2.63,2.72,2.63,2.7,2.7,1137,Grupo_Famsa
12/03/20,2.69,2.69,2.49,2.59,2.59,46854,Grupo_Famsa
13/03/20,2.7,2.8,2.68,2.79,2.79,97172,Grupo_Famsa
17/03/20,2.68,2.7,2.56,2.56,2.56,2364,Grupo_Famsa
18/03/20,2.56,2.62,2.41,2.44,2.44,10749,Grupo_Famsa
19/03/20,2.45,2.45,2.43,2.43,2.43,651,Grupo_Famsa
20/03/20,2.45,2.5,2.44,2.5,2.5,123201,Grupo_Famsa
23/03/20,2.5,2.5,2.5,2.5,2.5,0,Grupo_Famsa
24/03/20,2.44,2.45,2.35,2.35,2.35,4693,Grupo_Famsa
25/03/20,2.35,2.35,2.21,2.29,2.29,77677,Grupo_Famsa
26/03/20,2.3,2.3,2.19,2.28,2.28,12131,Grupo_Famsa
27/03/20,2.28,2.28,2.09,2.15,2.15,86461,Grupo_Famsa
30/03/20,2.21,2.21,2,2.02,2.02,28848,Grupo_Famsa
31/03/20,2,2.03,1.95,1.99,1.99,205480,Grupo_Famsa
01/04/20,1.98,1.98,1.92,1.93,1.93,67960,Grupo_Famsa
02/04/20,1.99,2.01,1.98,1.98,1.98,12865,Grupo_Famsa
03/04/20,1.98,1.98,1.95,1.98,1.98,3694,Grupo_Famsa
06/04/20,2.03,2.03,2.02,2.02,2.02,791,Grupo_Famsa
07/04/20,2.01,2.09,1.95,1.98,1.98,35695,Grupo_Famsa
08/04/20,1.99,2,1.98,2,2,29637,Grupo_Famsa
13/04/20,2.06,2.19,2.06,2.17,2.17,72580,Grupo_Famsa
14/04/20,2.22,2.22,2.16,2.16,2.16,10969,Grupo_Famsa
15/04/20,2.16,2.16,2.1,2.16,2.16,1714,Grupo_Famsa
16/04/20,2.1,2.1,1.98,2,2,35355,Grupo_Famsa
17/04/20,2.05,2.05,1.95,2.03,2.03,14562,Grupo_Famsa
20/04/20,2.03,2.03,2,2,2,1153,Grupo_Famsa
21/04/20,1.98,2,1.95,2,2,51883,Grupo_Famsa
22/04/20,2.03,2.08,1.98,2.06,2.06,34612,Grupo_Famsa
23/04/20,2.1,2.13,2,2,2,6339,Grupo_Famsa
24/04/20,2.05,2.05,1.94,2.03,2.03,11312,Grupo_Famsa
27/04/20,2,2.05,1.99,2.01,2.01,76739,Grupo_Famsa
28/04/20,2.03,2.34,2.03,2.15,2.15,220322,Grupo_Famsa
29/04/20,2.12,2.55,2.12,2.38,2.38,548857,Grupo_Famsa
30/04/20,2.38,2.46,2.28,2.34,2.34,238428,Grupo_Famsa
04/05/20,2.4,2.42,2.17,2.2,2.2,180468,Grupo_Famsa
05/05/20,2.2,2.37,2.15,2.18,2.18,222056,Grupo_Famsa
06/05/20,2.18,2.2,2.05,2.18,2.18,216101,Grupo_Famsa
07/05/20,2.17,2.17,2.1,2.14,2.14,99414,Grupo_Famsa
08/05/20,2.18,2.18,2.08,2.13,2.13,68402,Grupo_Famsa
11/05/20,2.13,2.14,2.03,2.05,2.05,141820,Grupo_Famsa
12/05/20,2.1,2.21,2.08,2.13,2.13,179696,Grupo_Famsa
13/05/20,2.19,2.19,2,2.04,2.04,46287,Grupo_Famsa
14/05/20,2.04,2.09,1.94,1.96,1.96,141047,Grupo_Famsa
15/05/20,1.97,2.02,1.96,2.01,2.01,103302,Grupo_Famsa
18/05/20,2.04,2.04,2.04,2.04,2.04,1655,Grupo_Famsa
19/05/20,2.03,2.09,2.03,2.08,2.08,56397,Grupo_Famsa
20/05/20,2.11,2.11,2.05,2.09,2.09,688,Grupo_Famsa
21/05/20,2.06,2.06,2,2,2,16170,Grupo_Famsa
22/05/20,2,2,1.9,1.98,1.98,190488,Grupo_Famsa
25/05/20,2.04,2.04,1.94,2,2,23893,Grupo_Famsa
26/05/20,2,2,1.89,1.93,1.93,157031,Grupo_Famsa
27/05/20,1.96,1.98,1.93,1.93,1.93,55357,Grupo_Famsa
28/05/20,1.95,1.95,1.92,1.93,1.93,94999,Grupo_Famsa
29/05/20,1.9,1.95,1.9,1.94,1.94,75651,Grupo_Famsa
01/06/20,1.99,1.99,1.89,1.9,1.9,217411,Grupo_Famsa
02/06/20,1.95,1.95,1.9,1.92,1.92,134502,Grupo_Famsa
03/06/20,1.9,1.95,1.89,1.93,1.93,527648,Grupo_Famsa
04/06/20,1.94,1.94,1.85,1.93,1.93,248824,Grupo_Famsa
05/06/20,1.96,1.97,1.88,1.96,1.96,959139,Grupo_Famsa
08/06/20,2,2,1.92,1.99,1.99,529232,Grupo_Famsa
09/06/20,2,2,1.94,1.98,1.98,303761,Grupo_Famsa
10/06/20,2,2,1.92,1.95,1.95,141913,Grupo_Famsa
11/06/20,1.92,1.92,1.87,1.89,1.89,296848,Grupo_Famsa
12/06/20,1.89,1.93,1.89,1.9,1.9,446611,Grupo_Famsa
15/06/20,1.9,1.9,1.88,1.9,1.9,121944,Grupo_Famsa
16/06/20,1.9,1.94,1.84,1.89,1.89,321094,Grupo_Famsa
17/06/20,1.93,1.93,1.86,1.87,1.87,77750,Grupo_Famsa
18/06/20,1.86,1.86,1.72,1.77,1.77,436710,Grupo_Famsa
19/06/20,1.77,1.78,1.72,1.76,1.76,166843,Grupo_Famsa
22/06/20,1.77,1.89,1.77,1.86,1.86,322694,Grupo_Famsa
23/06/20,1.87,1.91,1.82,1.82,1.82,66332,Grupo_Famsa
24/06/20,1.83,1.85,1.73,1.79,1.79,351633,Grupo_Famsa
25/06/20,1.77,1.83,1.76,1.82,1.82,92298,Grupo_Famsa
26/06/20,1.8,1.8,1.74,1.75,1.75,843388,Grupo_Famsa
29/06/20,1.74,1.74,1.25,1.28,1.28,1015927,Grupo_Famsa
30/06/20,1.3,1.3,1,1.19,1.19,868519,Grupo_Famsa
01/07/20,1.13,1.13,0.65,0.668,0.668,1178787,Grupo_Famsa
02/07/20,0.69,1.3,0.69,1.12,1.12,2488494,Grupo_Famsa
03/07/20,1.1,1.1,0.95,1.002,1.002,1263954,Grupo_Famsa
06/07/20,1.03,1.05,0.85,0.87,0.87,298486,Grupo_Famsa
07/07/20,0.87,0.89,0.86,0.86,0.86,1518042,Grupo_Famsa
08/07/20,0.865,0.88,0.78,0.788,0.788,400643,Grupo_Famsa
09/07/20,0.783,0.788,0.701,0.732,0.732,795133,Grupo_Famsa
10/07/20,0.722,0.787,0.71,0.754,0.754,398045,Grupo_Famsa
13/07/20,0.733,0.754,0.72,0.734,0.734,1634276,Grupo_Famsa
14/07/20,0.741,0.749,0.72,0.738,0.738,104729,Grupo_Famsa
15/07/20,0.75,0.755,0.66,0.7,0.7,650321,Grupo_Famsa
16/07/20,0.7,0.76,0.68,0.721,0.721,1547491,Grupo_Famsa
17/07/20,0.718,0.79,0.718,0.73,0.73,170064,Grupo_Famsa
20/07/20,0.73,0.74,0.701,0.71,0.71,126559,Grupo_Famsa
21/07/20,0.718,0.73,0.69,0.727,0.727,242958,Grupo_Famsa
22/07/20,0.72,0.73,0.7,0.706,0.706,307416,Grupo_Famsa
23/07/20,0.708,0.72,0.69,0.71,0.71,539387,Grupo_Famsa
24/07/20,0.72,0.72,0.705,0.705,0.705,260119,Grupo_Famsa
27/07/20,0.705,0.74,0.705,0.715,0.715,136724,Grupo_Famsa
28/07/20,0.715,0.715,0.69,0.705,0.705,79326,Grupo_Famsa
29/07/20,0.713,0.719,0.69,0.695,0.695,303838,Grupo_Famsa
30/07/20,0.693,0.713,0.69,0.699,0.699,75376,Grupo_Famsa
31/07/20,0.715,0.746,0.7,0.73,0.73,306109,Grupo_Famsa
03/08/20,0.73,0.73,0.711,0.728,0.728,74635,Grupo_Famsa
04/08/20,0.715,0.74,0.715,0.739,0.739,85499,Grupo_Famsa
05/08/20,0.74,0.749,0.72,0.734,0.734,79784,Grupo_Famsa
06/08/20,0.739,0.739,0.725,0.726,0.726,28901,Grupo_Famsa
07/08/20,0.726,0.726,0.53,0.599,0.599,4114219,Grupo_Famsa
10/08/20,0.6,0.6,0.519,0.558,0.558,573562,Grupo_Famsa
11/08/20,0.564,0.564,0.53,0.56,0.56,271913,Grupo_Famsa
12/08/20,0.56,0.626,0.56,0.605,0.605,698724,Grupo_Famsa
13/08/20,0.62,0.629,0.601,0.605,0.605,87005,Grupo_Famsa
14/08/20,0.604,0.604,0.563,0.565,0.565,351710,Grupo_Famsa
17/08/20,0.565,0.565,0.536,0.537,0.537,320193,Grupo_Famsa
18/08/20,0.54,0.559,0.539,0.556,0.556,86988,Grupo_Famsa
19/08/20,0.558,0.573,0.558,0.564,0.564,63406,Grupo_Famsa
20/08/20,0.57,0.57,0.533,0.54,0.54,129761,Grupo_Famsa
21/08/20,0.543,0.544,0.5,0.514,0.514,249609,Grupo_Famsa
24/08/20,0.516,0.548,0.516,0.531,0.531,312444,Grupo_Famsa
25/08/20,0.536,0.537,0.5,0.511,0.511,272430,Grupo_Famsa
26/08/20,0.519,0.519,0.475,0.487,0.487,306296,Grupo_Famsa
27/08/20,0.48,0.48,0.45,0.462,0.462,405413,Grupo_Famsa
28/08/20,0.48,0.48,0.41,0.45,0.45,597417,Grupo_Famsa
31/08/20,0.456,0.474,0.456,0.465,0.465,249691,Grupo_Famsa
01/09/20,0.479,0.479,0.461,0.463,0.463,20959,Grupo_Famsa
02/09/20,0.463,0.463,0.435,0.45,0.45,103638,Grupo_Famsa
03/09/20,0.447,0.448,0.43,0.435,0.435,205815,Grupo_Famsa
04/09/20,0.43,0.43,0.408,0.425,0.425,401396,Grupo_Famsa
07/09/20,0.43,0.43,0.41,0.413,0.413,36795,Grupo_Famsa
08/09/20,0.413,0.425,0.408,0.408,0.408,24612,Grupo_Famsa
09/09/20,0.406,0.406,0.4,0.4,0.4,104116,Grupo_Famsa
10/09/20,0.39,0.403,0.39,0.391,0.391,64067,Grupo_Famsa
11/09/20,0.39,0.39,0.38,0.387,0.387,53535,Grupo_Famsa
14/09/20,0.385,0.409,0.378,0.397,0.397,158887,Grupo_Famsa
15/09/20,0.389,0.407,0.37,0.384,0.384,136434,Grupo_Famsa
17/09/20,0.4,0.4,0.34,0.34,0.34,235579,Grupo_Famsa
18/09/20,0.341,0.345,0.279,0.28,0.28,447531,Grupo_Famsa
21/09/20,0.283,0.298,0.283,0.294,0.294,161567,Grupo_Famsa
22/09/20,0.298,0.319,0.281,0.291,0.291,261315,Grupo_Famsa
23/09/20,0.291,0.299,0.28,0.283,0.283,278969,Grupo_Famsa
24/09/20,0.271,0.309,0.271,0.309,0.309,101804,Grupo_Famsa
25/09/20,0.317,0.317,0.29,0.295,0.295,203931,Grupo_Famsa
28/09/20,0.306,0.309,0.296,0.304,0.304,313522,Grupo_Famsa
29/09/20,0.305,0.305,0.3,0.303,0.303,484518,Grupo_Famsa
30/09/20,0.305,0.305,0.3,0.3,0.3,135529,Grupo_Famsa
01/10/20,0.3,0.3,0.297,0.298,0.298,7929,Grupo_Famsa
02/10/20,0.3,0.3,0.293,0.298,0.298,39523,Grupo_Famsa
05/10/20,0.304,0.304,0.296,0.301,0.301,58397,Grupo_Famsa
06/10/20,0.31,0.329,0.3,0.325,0.325,82815,Grupo_Famsa
07/10/20,0.33,0.47,0.33,0.433,0.433,1422718,Grupo_Famsa
08/10/20,0.432,0.489,0.43,0.442,0.442,1477152,Grupo_Famsa
09/10/20,0.45,0.45,0.421,0.442,0.442,383418,Grupo_Famsa
12/10/20,0.429,0.429,0.4,0.405,0.405,135506,Grupo_Famsa
13/10/20,0.405,0.405,0.362,0.384,0.384,472181,Grupo_Famsa
14/10/20,0.388,0.398,0.382,0.397,0.397,68009,Grupo_Famsa
15/10/20,0.397,0.409,0.391,0.396,0.396,103080,Grupo_Famsa
16/10/20,0.408,0.408,0.373,0.385,0.385,223383,Grupo_Famsa
19/10/20,0.373,0.385,0.373,0.385,0.385,122788,Grupo_Famsa
20/10/20,0.385,0.39,0.381,0.39,0.39,289435,Grupo_Famsa
21/10/20,0.398,0.408,0.391,0.402,0.402,72278,Grupo_Famsa
22/10/20,0.402,0.408,0.386,0.399,0.399,108360,Grupo_Famsa
23/10/20,0.387,0.407,0.387,0.406,0.406,45795,Grupo_Famsa
26/10/20,0.407,0.407,0.385,0.4,0.4,98395,Grupo_Famsa
27/10/20,0.392,0.4,0.384,0.4,0.4,83854,Grupo_Famsa
28/10/20,0.4,0.4,0.382,0.391,0.391,263441,Grupo_Famsa
29/10/20,0.391,0.405,0.38,0.397,0.397,38804,Grupo_Famsa
30/10/20,0.4,0.4,0.38,0.38,0.38,18370,Grupo_Famsa
03/11/20,0.387,0.394,0.38,0.38,0.38,293864,Grupo_Famsa
04/11/20,0.378,0.378,0.35,0.363,0.363,189300,Grupo_Famsa
05/11/20,0.352,0.377,0.352,0.375,0.375,27596,Grupo_Famsa
06/11/20,0.382,0.382,0.355,0.357,0.357,33262,Grupo_Famsa
09/11/20,0.358,0.37,0.358,0.369,0.369,597913,Grupo_Famsa
10/11/20,0.37,0.4,0.366,0.37,0.37,101979,Grupo_Famsa
11/11/20,0.37,0.379,0.36,0.369,0.369,48427,Grupo_Famsa
12/11/20,0.362,0.362,0.357,0.358,0.358,198664,Grupo_Famsa
13/11/20,0.36,0.368,0.359,0.359,0.359,38407,Grupo_Famsa
17/11/20,0.359,0.368,0.358,0.36,0.36,165583,Grupo_Famsa
18/11/20,0.364,0.368,0.355,0.355,0.355,86687,Grupo_Famsa
19/11/20,0.356,0.358,0.355,0.358,0.358,743449,Grupo_Famsa
20/11/20,0.356,0.356,0.35,0.353,0.353,385024,Grupo_Famsa
23/11/20,0.353,0.365,0.353,0.359,0.359,48437,Grupo_Famsa
24/11/20,0.354,0.36,0.354,0.359,0.359,11279,Grupo_Famsa
25/11/20,0.359,0.36,0.356,0.356,0.356,14385,Grupo_Famsa
26/11/20,0.356,0.359,0.356,0.358,0.358,22720,Grupo_Famsa
27/11/20,0.358,0.359,0.357,0.358,0.358,436630,Grupo_Famsa
30/11/20,0.359,0.359,0.357,0.357,0.357,74792,Grupo_Famsa
01/12/20,0.359,0.39,0.356,0.364,0.364,130884,Grupo_Famsa
02/12/20,0.357,0.375,0.35,0.351,0.351,711099,Grupo_Famsa
03/12/20,0.353,0.36,0.35,0.351,0.351,170614,Grupo_Famsa
04/12/20,0.355,0.365,0.355,0.364,0.364,152385,Grupo_Famsa
07/12/20,0.365,0.369,0.356,0.369,0.369,82505,Grupo_Famsa
08/12/20,0.369,0.377,0.364,0.374,0.374,109294,Grupo_Famsa
09/12/20,0.374,0.374,0.366,0.37,0.37,114389,Grupo_Famsa
10/12/20,0.37,0.374,0.37,0.373,0.373,42367,Grupo_Famsa
11/12/20,0.373,0.373,0.351,0.356,0.356,169117,Grupo_Famsa
14/12/20,0.367,0.371,0.35,0.35,0.35,124255,Grupo_Famsa
15/12/20,0.36,0.36,0.345,0.356,0.356,32552,Grupo_Famsa
16/12/20,0.357,0.357,0.34,0.341,0.341,260394,Grupo_Famsa
17/12/20,0.35,0.359,0.34,0.34,0.34,297607,Grupo_Famsa
18/12/20,0.33,0.344,0.33,0.338,0.338,167561,Grupo_Famsa
21/12/20,0.338,0.343,0.33,0.336,0.336,138254,Grupo_Famsa
22/12/20,0.336,0.343,0.32,0.332,0.332,101303,Grupo_Famsa
23/12/20,0.331,0.331,0.3,0.32,0.32,361073,Grupo_Famsa
24/12/20,0.317,0.331,0.305,0.315,0.315,2882223,Grupo_Famsa
28/12/20,0.324,0.324,0.3,0.313,0.313,3559570,Grupo_Famsa
29/12/20,0.317,0.32,0.309,0.319,0.319,950863,Grupo_Famsa
30/12/20,0.319,0.329,0.309,0.319,0.319,136864,Grupo_Famsa
31/12/20,0.319,0.324,0.314,0.32,0.32,120766,Grupo_Famsa
04/01/21,0.32,0.33,0.315,0.33,0.33,2934661,Grupo_Famsa
05/01/21,0.33,0.332,0.32,0.321,0.321,22621,Grupo_Famsa
06/01/21,0.319,0.328,0.314,0.315,0.315,907388,Grupo_Famsa
07/01/21,0.321,0.321,0.311,0.317,0.317,34703,Grupo_Famsa
08/01/21,0.314,0.338,0.314,0.337,0.337,133145,Grupo_Famsa
11/01/21,0.337,0.337,0.325,0.329,0.329,97822,Grupo_Famsa
12/01/21,0.326,0.336,0.315,0.336,0.336,403821,Grupo_Famsa
13/01/21,0.33,0.335,0.32,0.321,0.321,49865,Grupo_Famsa
14/01/21,0.32,0.32,0.31,0.319,0.319,55240,Grupo_Famsa
15/01/21,0.317,0.325,0.317,0.324,0.324,38588,Grupo_Famsa
18/01/21,0.334,0.334,0.324,0.33,0.33,99825,Grupo_Famsa
19/01/21,0.328,0.329,0.32,0.329,0.329,88623,Grupo_Famsa
20/01/21,0.332,0.339,0.324,0.335,0.335,158218,Grupo_Famsa
21/01/21,0.339,0.339,0.317,0.331,0.331,97843,Grupo_Famsa
22/01/21,0.335,0.339,0.335,0.337,0.337,35199,Grupo_Famsa
25/01/21,0.339,0.347,0.336,0.347,0.347,108723,Grupo_Famsa
26/01/21,0.347,0.349,0.335,0.345,0.345,130082,Grupo_Famsa
27/01/21,0.342,0.345,0.325,0.331,0.331,133330,Grupo_Famsa
28/01/21,0.33,0.331,0.311,0.328,0.328,152448,Grupo_Famsa
29/01/21,0.328,0.335,0.315,0.325,0.325,241561,Grupo_Famsa
02/02/21,0.32,0.325,0.315,0.315,0.315,52316,Grupo_Famsa
03/02/21,0.32,0.36,0.32,0.36,0.36,280717,Grupo_Famsa
04/02/21,0.371,1.07,0.371,0.481,0.481,3616322,Grupo_Famsa
05/02/21,0.48,0.849,0.48,0.772,0.772,7873732,Grupo_Famsa
08/02/21,0.772,0.998,0.645,0.925,0.925,6985614,Grupo_Famsa
09/02/21,0.939,1,0.75,0.845,0.845,3627892,Grupo_Famsa
10/02/21,0.849,0.85,0.69,0.772,0.772,1657680,Grupo_Famsa
11/02/21,0.77,0.796,0.72,0.731,0.731,630946,Grupo_Famsa
12/02/21,0.75,0.79,0.74,0.74,0.74,669333,Grupo_Famsa
15/02/21,0.74,0.768,0.739,0.754,0.754,161140,Grupo_Famsa
16/02/21,0.754,0.754,0.64,0.671,0.671,1918409,Grupo_Famsa
17/02/21,0.675,0.675,0.446,0.484,0.484,3544335,Grupo_Famsa
18/02/21,0.473,0.59,0.472,0.496,0.496,1463790,Grupo_Famsa
19/02/21,0.496,0.534,0.441,0.48,0.48,687427,Grupo_Famsa
22/02/21,0.474,0.474,0.441,0.445,0.445,1467714,Grupo_Famsa
23/02/21,0.448,0.47,0.44,0.46,0.46,556013,Grupo_Famsa
24/02/21,0.466,0.466,0.389,0.39,0.39,903371,Grupo_Famsa
25/02/21,0.39,0.425,0.365,0.395,0.395,1527758,Grupo_Famsa
26/02/21,0.399,0.399,0.35,0.377,0.377,1745272,Grupo_Famsa
01/03/21,0.38,0.38,0.36,0.371,0.371,364405,Grupo_Famsa
02/03/21,0.371,0.54,0.371,0.51,0.51,2136906,Grupo_Famsa
03/03/21,0.514,0.588,0.462,0.5,0.5,3325853,Grupo_Famsa
04/03/21,0.505,0.548,0.44,0.481,0.481,1758972,Grupo_Famsa
05/03/21,0.481,0.5,0.44,0.45,0.45,512296,Grupo_Famsa
08/03/21,0.449,0.53,0.44,0.52,0.52,1301533,Grupo_Famsa
09/03/21,0.531,0.62,0.53,0.618,0.618,2624421,Grupo_Famsa
10/03/21,0.621,0.638,0.545,0.567,0.567,1198407,Grupo_Famsa
11/03/21,0.567,0.578,0.545,0.549,0.549,433499,Grupo_Famsa
12/03/21,0.57,0.575,0.554,0.567,0.567,369425,Grupo_Famsa
16/03/21,0.584,0.59,0.553,0.58,0.58,538725,Grupo_Famsa
17/03/21,0.58,0.617,0.57,0.596,0.596,604117,Grupo_Famsa
18/03/21,0.594,0.615,0.58,0.604,0.604,647935,Grupo_Famsa
19/03/21,0.605,0.615,0.595,0.614,0.614,148374,Grupo_Famsa
22/03/21,0.613,0.62,0.605,0.613,0.613,423116,Grupo_Famsa
23/03/21,0.613,0.613,0.586,0.597,0.597,408700,Grupo_Famsa
24/03/21,0.598,0.598,0.57,0.579,0.579,215805,Grupo_Famsa
25/03/21,0.588,0.588,0.56,0.57,0.57,90169,Grupo_Famsa
26/03/21,0.57,0.592,0.545,0.557,0.557,162549,Grupo_Famsa
29/03/21,0.565,0.565,0.52,0.543,0.543,177033,Grupo_Famsa
30/03/21,0.527,0.543,0.527,0.53,0.53,323859,Grupo_Famsa
31/03/21,0.531,0.537,0.531,0.537,0.537,65526,Grupo_Famsa
05/04/21,0.536,0.567,0.536,0.564,0.564,166798,Grupo_Famsa
06/04/21,0.57,0.575,0.555,0.557,0.557,85441,Grupo_Famsa
07/04/21,0.557,0.557,0.541,0.555,0.555,79718,Grupo_Famsa
08/04/21,0.55,0.556,0.545,0.549,0.549,48343,Grupo_Famsa
09/04/21,0.547,0.586,0.544,0.577,0.577,473856,Grupo_Famsa
12/04/21,0.578,0.58,0.549,0.55,0.55,304335,Grupo_Famsa
13/04/21,0.549,0.58,0.549,0.573,0.573,385683,Grupo_Famsa
14/04/21,0.576,0.59,0.572,0.584,0.584,210878,Grupo_Famsa
15/04/21,0.584,0.59,0.57,0.586,0.586,80349,Grupo_Famsa
16/04/21,0.589,0.6,0.56,0.572,0.572,325782,Grupo_Famsa
19/04/21,0.573,0.578,0.56,0.562,0.562,76652,Grupo_Famsa
20/04/21,0.557,0.557,0.55,0.554,0.554,148219,Grupo_Famsa
21/04/21,0.554,0.565,0.545,0.56,0.56,485002,Grupo_Famsa
22/04/21,0.564,0.58,0.56,0.565,0.565,51582,Grupo_Famsa
23/04/21,0.563,0.58,0.556,0.568,0.568,252275,Grupo_Famsa
26/04/21,0.57,0.59,0.57,0.581,0.581,464909,Grupo_Famsa
27/04/21,0.58,0.589,0.573,0.576,0.576,60973,Grupo_Famsa
28/04/21,0.576,0.576,0.53,0.563,0.563,94250,Grupo_Famsa
29/04/21,0.563,0.563,0.532,0.545,0.545,228791,Grupo_Famsa
30/04/21,0.545,0.555,0.545,0.555,0.555,217220,Grupo_Famsa
03/05/21,0.555,0.555,0.538,0.549,0.549,168573,Grupo_Famsa
04/05/21,0.548,0.548,0.527,0.544,0.544,68548,Grupo_Famsa
05/05/21,0.54,0.549,0.534,0.539,0.539,123870,Grupo_Famsa
06/05/21,0.537,0.54,0.53,0.535,0.535,32296,Grupo_Famsa
07/05/21,0.533,0.542,0.533,0.537,0.537,95249,Grupo_Famsa
10/05/21,0.536,0.536,0.52,0.523,0.523,90859,Grupo_Famsa
11/05/21,0.519,0.519,0.49,0.499,0.499,165619,Grupo_Famsa
12/05/21,0.499,0.499,0.49,0.492,0.492,72940,Grupo_Famsa
13/05/21,0.492,0.495,0.488,0.495,0.495,223493,Grupo_Famsa
14/05/21,0.494,0.52,0.48,0.495,0.495,160940,Grupo_Famsa
17/05/21,0.48,0.493,0.48,0.49,0.49,54940,Grupo_Famsa
18/05/21,0.483,0.49,0.483,0.49,0.49,19962,Grupo_Famsa
19/05/21,0.49,0.49,0.483,0.485,0.485,114984,Grupo_Famsa
20/05/21,0.484,0.49,0.484,0.485,0.485,33525,Grupo_Famsa
21/05/21,0.485,0.485,0.45,0.465,0.465,81151,Grupo_Famsa
24/05/21,0.474,0.474,0.47,0.472,0.472,18013,Grupo_Famsa
25/05/21,0.472,0.474,0.468,0.468,0.468,29888,Grupo_Famsa
26/05/21,0.465,0.474,0.465,0.473,0.473,52266,Grupo_Famsa
27/05/21,0.469,0.47,0.468,0.468,0.468,107989,Grupo_Famsa
28/05/21,0.467,0.467,0.456,0.466,0.466,88676,Grupo_Famsa
31/05/21,0.467,0.467,0.455,0.456,0.456,131021,Grupo_Famsa
01/06/21,0.459,0.459,0.448,0.448,0.448,69813,Grupo_Famsa
02/06/21,0.449,0.455,0.44,0.44,0.44,80439,Grupo_Famsa
03/06/21,0.44,0.44,0.406,0.435,0.435,48598,Grupo_Famsa
04/06/21,0.435,0.441,0.43,0.439,0.439,299235,Grupo_Famsa
07/06/21,0.439,0.439,0.433,0.435,0.435,47105,Grupo_Famsa
08/06/21,0.44,0.44,0.435,0.439,0.439,79633,Grupo_Famsa
09/06/21,0.436,0.449,0.434,0.449,0.449,337376,Grupo_Famsa
10/06/21,0.449,0.476,0.44,0.475,0.475,203082,Grupo_Famsa
11/06/21,0.469,0.5,0.454,0.498,0.498,177234,Grupo_Famsa
14/06/21,0.498,0.518,0.498,0.518,0.518,282701,Grupo_Famsa
15/06/21,0.518,0.52,0.514,0.515,0.515,271294,Grupo_Famsa
16/06/21,0.515,0.515,0.49,0.494,0.494,65435,Grupo_Famsa
17/06/21,0.497,0.5,0.489,0.49,0.49,124352,Grupo_Famsa
18/06/21,0.489,0.495,0.489,0.495,0.495,5761,Grupo_Famsa
21/06/21,0.495,0.495,0.49,0.49,0.49,31187,Grupo_Famsa
22/06/21,0.49,0.495,0.49,0.493,0.493,14658,Grupo_Famsa
23/06/21,0.49,0.493,0.46,0.475,0.475,37949,Grupo_Famsa
24/06/21,0.477,0.525,0.476,0.513,0.513,362139,Grupo_Famsa
25/06/21,0.529,0.529,0.516,0.52,0.52,110007,Grupo_Famsa
28/06/21,0.52,0.52,0.504,0.508,0.508,78006,Grupo_Famsa
29/06/21,0.505,0.505,0.49,0.499,0.499,83521,Grupo_Famsa
30/06/21,0.5,0.51,0.498,0.505,0.505,83143,Grupo_Famsa
01/07/21,0.505,0.505,0.499,0.5,0.5,25283,Grupo_Famsa
02/07/21,0.5,0.51,0.494,0.495,0.495,49984,Grupo_Famsa
05/07/21,0.492,0.496,0.486,0.494,0.494,70614,Grupo_Famsa
06/07/21,0.494,0.494,0.459,0.488,0.488,136354,Grupo_Famsa
07/07/21,0.495,0.505,0.495,0.503,0.503,208874,Grupo_Famsa
08/07/21,0.505,0.52,0.505,0.508,0.508,179780,Grupo_Famsa
09/07/21,0.504,0.51,0.5,0.505,0.505,84491,Grupo_Famsa
12/07/21,0.505,0.522,0.494,0.52,0.52,221013,Grupo_Famsa
13/07/21,0.506,0.519,0.5,0.516,0.516,29641,Grupo_Famsa
14/07/21,0.515,0.515,0.496,0.512,0.512,11545,Grupo_Famsa
15/07/21,0.515,0.515,0.495,0.51,0.51,36331,Grupo_Famsa
16/07/21,0.51,0.515,0.501,0.515,0.515,8508,Grupo_Famsa
19/07/21,0.515,0.515,0.497,0.5,0.5,14839,Grupo_Famsa
20/07/21,0.496,0.509,0.495,0.495,0.495,8838,Grupo_Famsa
21/07/21,0.492,0.493,0.477,0.478,0.478,168024,Grupo_Famsa
22/07/21,0.48,0.508,0.48,0.491,0.491,266716,Grupo_Famsa
23/07/21,0.491,0.5,0.491,0.497,0.497,26749,Grupo_Famsa
26/07/21,0.496,0.5,0.484,0.49,0.49,31616,Grupo_Famsa
27/07/21,0.491,0.492,0.442,0.48,0.48,332093,Grupo_Famsa
28/07/21,0.48,0.484,0.48,0.482,0.482,34900,Grupo_Famsa
29/07/21,0.482,0.5,0.482,0.486,0.486,37562,Grupo_Famsa
30/07/21,0.485,0.495,0.479,0.487,0.487,88617,Grupo_Famsa
02/08/21,0.486,0.495,0.48,0.488,0.488,16350,Grupo_Famsa
03/08/21,0.488,0.495,0.469,0.47,0.47,72132,Grupo_Famsa
04/08/21,0.471,0.487,0.471,0.475,0.475,111996,Grupo_Famsa
05/08/21,0.465,0.475,0.465,0.474,0.474,16369,Grupo_Famsa
06/08/21,0.474,0.48,0.474,0.48,0.48,6183,Grupo_Famsa
09/08/21,0.48,0.48,0.459,0.459,0.459,164860,Grupo_Famsa
10/08/21,0.459,0.46,0.457,0.459,0.459,65016,Grupo_Famsa
11/08/21,0.459,0.465,0.455,0.459,0.459,50147,Grupo_Famsa
12/08/21,0.465,0.465,0.44,0.462,0.462,98925,Grupo_Famsa
13/08/21,0.455,0.465,0.455,0.46,0.46,14186,Grupo_Famsa
16/08/21,0.455,0.461,0.45,0.461,0.461,13102,Grupo_Famsa
17/08/21,0.475,0.476,0.47,0.473,0.473,59580,Grupo_Famsa
18/08/21,0.474,0.476,0.47,0.472,0.472,16073,Grupo_Famsa
19/08/21,0.469,0.469,0.451,0.451,0.451,48753,Grupo_Famsa
20/08/21,0.46,0.46,0.44,0.444,0.444,111651,Grupo_Famsa
23/08/21,0.445,0.48,0.444,0.474,0.474,96065,Grupo_Famsa
24/08/21,0.475,0.475,0.464,0.464,0.464,43587,Grupo_Famsa
25/08/21,0.471,0.475,0.458,0.46,0.46,48992,Grupo_Famsa
26/08/21,0.459,0.459,0.446,0.457,0.457,96811,Grupo_Famsa
27/08/21,0.456,0.471,0.456,0.464,0.464,78474,Grupo_Famsa
30/08/21,0.47,0.48,0.465,0.48,0.48,159609,Grupo_Famsa
31/08/21,0.478,0.478,0.469,0.475,0.475,19996,Grupo_Famsa
01/09/21,0.475,0.475,0.464,0.472,0.472,4411,Grupo_Famsa
02/09/21,0.465,0.471,0.46,0.465,0.465,75828,Grupo_Famsa
03/09/21,0.464,0.469,0.462,0.467,0.467,27005,Grupo_Famsa
06/09/21,0.466,0.477,0.465,0.471,0.471,48739,Grupo_Famsa
07/09/21,0.474,0.477,0.472,0.475,0.475,58301,Grupo_Famsa
08/09/21,0.472,0.472,0.466,0.466,0.466,30190,Grupo_Famsa
09/09/21,0.464,0.466,0.449,0.461,0.461,120096,Grupo_Famsa
10/09/21,0.46,0.477,0.448,0.467,0.467,201041,Grupo_Famsa
13/09/21,0.464,0.476,0.46,0.475,0.475,192157,Grupo_Famsa
14/09/21,0.461,0.476,0.461,0.475,0.475,171944,Grupo_Famsa
15/09/21,0.468,0.474,0.467,0.47,0.47,82767,Grupo_Famsa
17/09/21,0.467,0.47,0.46,0.47,0.47,116613,Grupo_Famsa
20/09/21,0.47,0.473,0.461,0.473,0.473,96550,Grupo_Famsa
21/09/21,0.463,0.468,0.459,0.46,0.46,297063,Grupo_Famsa
22/09/21,0.46,0.475,0.46,0.475,0.475,314369,Grupo_Famsa
23/09/21,0.467,0.474,0.458,0.46,0.46,362723,Grupo_Famsa
24/09/21,0.473,0.473,0.45,0.46,0.46,421005,Grupo_Famsa
27/09/21,0.455,0.47,0.441,0.45,0.45,416291,Grupo_Famsa
28/09/21,0.45,0.45,0.44,0.44,0.44,132221,Grupo_Famsa
29/09/21,0.439,0.455,0.439,0.44,0.44,161840,Grupo_Famsa
30/09/21,0.44,0.453,0.44,0.453,0.453,169247,Grupo_Famsa
01/10/21,0.454,0.454,0.439,0.44,0.44,393683,Grupo_Famsa
04/10/21,0.44,0.444,0.44,0.44,0.44,193183,Grupo_Famsa
05/10/21,0.439,0.444,0.435,0.438,0.438,371813,Grupo_Famsa
06/10/21,0.44,0.44,0.41,0.429,0.429,190576,Grupo_Famsa
07/10/21,0.43,0.43,0.411,0.419,0.419,83560,Grupo_Famsa
08/10/21,0.406,0.42,0.406,0.417,0.417,542604,Grupo_Famsa
11/10/21,0.418,0.418,0.39,0.403,0.403,516751,Grupo_Famsa
12/10/21,0.409,0.41,0.398,0.399,0.399,345423,Grupo_Famsa
13/10/21,0.398,0.422,0.39,0.421,0.421,266900,Grupo_Famsa
14/10/21,0.419,0.424,0.414,0.416,0.416,498363,Grupo_Famsa
15/10/21,0.415,0.42,0.4,0.419,0.419,478986,Grupo_Famsa
18/10/21,0.416,0.417,0.415,0.417,0.417,21151,Grupo_Famsa
19/10/21,0.416,0.416,0.415,0.416,0.416,19749,Grupo_Famsa
20/10/21,0.415,0.415,0.4,0.404,0.404,765040,Grupo_Famsa
21/10/21,0.404,0.405,0.39,0.396,0.396,154885,Grupo_Famsa
22/10/21,0.392,0.396,0.38,0.396,0.396,473671,Grupo_Famsa
25/10/21,0.396,0.399,0.37,0.376,0.376,73088,Grupo_Famsa
26/10/21,0.39,0.424,0.378,0.405,0.405,1273416,Grupo_Famsa
27/10/21,0.402,0.417,0.39,0.391,0.391,58542,Grupo_Famsa
28/10/21,0.388,0.389,0.376,0.378,0.378,62323,Grupo_Famsa
29/10/21,0.378,0.39,0.377,0.381,0.381,55011,Grupo_Famsa
01/11/21,0.381,0.399,0.381,0.39,0.39,153506,Grupo_Famsa
03/11/21,0.39,0.42,0.386,0.41,0.41,360660,Grupo_Famsa
04/11/21,0.409,0.41,0.394,0.394,0.394,138090,Grupo_Famsa
05/11/21,0.406,0.407,0.385,0.387,0.387,62616,Grupo_Famsa
08/11/21,0.388,0.39,0.37,0.385,0.385,614452,Grupo_Famsa
09/11/21,0.388,0.39,0.385,0.386,0.386,152181,Grupo_Famsa
10/11/21,0.39,0.393,0.384,0.39,0.39,80290,Grupo_Famsa
11/11/21,0.393,0.395,0.379,0.388,0.388,534612,Grupo_Famsa
12/11/21,0.383,0.394,0.383,0.384,0.384,21309,Grupo_Famsa
16/11/21,0.384,0.402,0.37,0.372,0.372,631573,Grupo_Famsa
17/11/21,0.379,0.4,0.379,0.392,0.392,271374,Grupo_Famsa
18/11/21,0.394,0.4,0.384,0.385,0.385,84948,Grupo_Famsa
19/11/21,0.384,0.385,0.377,0.382,0.382,31892,Grupo_Famsa
22/11/21,0.38,0.402,0.374,0.395,0.395,811306,Grupo_Famsa
23/11/21,0.401,0.402,0.39,0.391,0.391,45014,Grupo_Famsa
24/11/21,0.39,0.396,0.39,0.39,0.39,6578,Grupo_Famsa
25/11/21,0.395,0.4,0.388,0.393,0.393,23349,Grupo_Famsa
26/11/21,0.386,0.39,0.377,0.385,0.385,25522,Grupo_Famsa
29/11/21,0.384,0.385,0.38,0.385,0.385,160967,Grupo_Famsa
30/11/21,0.385,0.385,0.37,0.375,0.375,74049,Grupo_Famsa
01/12/21,0.375,0.375,0.372,0.375,0.375,188680,Grupo_Famsa
02/12/21,0.374,0.399,0.374,0.389,0.389,136316,Grupo_Famsa
03/12/21,0.38,0.395,0.38,0.395,0.395,23846,Grupo_Famsa
06/12/21,0.385,0.394,0.385,0.39,0.39,47129,Grupo_Famsa
07/12/21,0.384,0.385,0.383,0.383,0.383,13819,Grupo_Famsa
08/12/21,0.383,0.4,0.378,0.397,0.397,233465,Grupo_Famsa
09/12/21,0.397,0.451,0.387,0.444,0.444,679812,Grupo_Famsa
10/12/21,0.459,0.81,0.459,0.558,0.558,2914910,Grupo_Famsa
13/12/21,0.557,0.651,0.557,0.604,0.604,2283428,Grupo_Famsa
14/12/21,0.6,0.606,0.575,0.579,0.579,334759,Grupo_Famsa
15/12/21,0.58,0.644,0.571,0.625,0.625,1011721,Grupo_Famsa
16/12/21,0.62,0.84,0.601,0.829,0.829,5869169,Grupo_Famsa
17/12/21,0.84,0.85,0.751,0.757,0.757,1029339,Grupo_Famsa